City_ID,City,Country,Date,Current Description,Lat,Lng,Max Temp,Humidity,Cloudiness,Wind Speed
0,Adrar,MR,2022-07-23 22:30:21,overcast clouds,20.5022,-10.0711,94.96,28,93,10.96
1,Arraial Do Cabo,BR,2022-07-23 22:30:30,clear sky,-22.9661,-42.0278,72.03,87,6,21.12
2,Nanortalik,GL,2022-07-23 22:30:31,overcast clouds,60.1432,-45.2371,44.02,91,96,10.78
3,Yellowknife,CA,2022-07-23 22:30:31,broken clouds,62.456,-114.3525,72.12,37,75,19.57
4,Bambous Virieux,MU,2022-07-23 22:30:31,light rain,-20.3428,57.7575,69.22,83,40,8.05
5,Abu Samrah,SY,2022-07-23 22:26:35,clear sky,35.3029,37.1841,77.99,43,0,6.44
6,Kodiak,US,2022-07-23 22:30:32,moderate rain,57.79,-152.4072,53.11,87,100,14.97
7,Saskylakh,RU,2022-07-23 22:30:32,scattered clouds,71.9167,114.0833,55.89,76,45,3.83
8,Vilyuysk,RU,2022-07-23 22:30:33,clear sky,63.7553,121.6247,69.66,68,2,5.82
9,Airai,TL,2022-07-23 22:30:33,broken clouds,-8.9266,125.4092,54.99,75,65,2.42
10,Tuatapere,NZ,2022-07-23 22:30:33,broken clouds,-46.1333,167.6833,45.19,83,53,2.53
11,Rikitea,PF,2022-07-23 22:30:34,clear sky,-23.1203,-134.9692,72.91,63,0,8.39
12,Hell,NO,2022-07-23 22:30:34,clear sky,63.4455,10.9033,53.51,82,0,3.44
13,Madimba,TZ,2022-07-23 22:30:34,clear sky,-10.4,40.3333,68.22,88,9,7.76
14,Panaba,MX,2022-07-23 22:30:35,overcast clouds,21.2833,-88.2667,90.3,50,100,16.87
15,Albany,US,2022-07-23 22:26:31,few clouds,42.6001,-73.9662,93.63,42,22,1.01
16,Tambopata,PE,2022-07-23 22:30:35,scattered clouds,-12.7333,-69.1833,77.4,68,36,3.76
17,Saint-Philippe,RE,2022-07-23 22:30:35,light rain,-21.3585,55.7679,69.03,84,60,12.12
18,Dalbandin,PK,2022-07-23 22:30:36,overcast clouds,28.8947,64.4101,85.37,52,100,7.92
19,Ilulissat,GL,2022-07-23 22:30:36,overcast clouds,69.2167,-51.1,38.89,98,100,2.55
20,Lavrentiya,RU,2022-07-23 22:30:36,overcast clouds,65.5833,-171.0,42.57,89,100,11.61
21,Berlevag,NO,2022-07-23 22:26:30,drizzle,70.8578,29.0864,51.6,87,100,14.97
22,Ushuaia,AR,2022-07-23 22:26:54,snow,-54.8,-68.3,33.46,86,100,18.41
23,Ponta Do Sol,PT,2022-07-23 22:30:37,clear sky,32.6667,-17.1,75.43,69,3,2.66
24,Bluff,NZ,2022-07-23 22:30:28,scattered clouds,-46.6,168.3333,37.8,82,43,5.01
25,Tayu,ID,2022-07-23 22:30:37,overcast clouds,-6.5397,111.0518,74.3,89,90,8.52
26,Constitucion,CL,2022-07-23 22:29:03,light rain,-35.3333,-72.4167,54.64,87,100,2.35
27,Mabay,PH,2022-07-23 22:30:38,overcast clouds,6.0577,124.4666,79.05,80,96,2.28
28,Havoysund,NO,2022-07-23 22:30:38,overcast clouds,70.9963,24.6622,50.23,91,100,20.36
29,Bengkulu,ID,2022-07-23 22:30:39,overcast clouds,-3.8004,102.2655,74.88,89,87,4.63
30,Marsh Harbour,BS,2022-07-23 22:26:15,clear sky,26.5412,-77.0636,83.37,71,0,12.33
31,Torbay,CA,2022-07-23 22:25:22,scattered clouds,47.6666,-52.7314,67.41,85,38,4.79
32,Bredasdorp,ZA,2022-07-23 22:30:39,scattered clouds,-34.5322,20.0403,50.45,71,36,2.91
33,Thompson,CA,2022-07-23 22:28:09,broken clouds,55.7435,-97.8558,64.56,52,75,8.05
34,Punta Arenas,CL,2022-07-23 22:30:40,clear sky,-53.15,-70.9167,35.71,69,0,9.22
35,Avarua,CK,2022-07-23 22:30:40,scattered clouds,-21.2078,-159.775,75.25,64,40,8.05
36,Basoko,CD,2022-07-23 22:30:40,overcast clouds,1.2391,23.616,72.99,84,89,0.43
37,Pyay,MM,2022-07-23 22:30:41,overcast clouds,18.8167,95.2167,74.91,94,100,3.44
38,Mataura,NZ,2022-07-23 22:30:26,broken clouds,-46.1927,168.8643,42.21,69,80,1.36
39,Gobo,JP,2022-07-23 22:30:41,overcast clouds,33.8833,135.15,78.69,70,88,2.33
40,Vaini,TO,2022-07-23 22:30:41,few clouds,-21.2,-175.2,75.36,73,20,11.5
41,Qaanaaq,GL,2022-07-23 22:30:42,overcast clouds,77.484,-69.3632,37.35,99,100,0.58
42,Ust-Kulom,RU,2022-07-23 22:30:42,clear sky,61.6864,53.6902,56.75,94,6,3.29
43,Ribeira Grande,PT,2022-07-23 22:30:42,broken clouds,38.5167,-28.7,74.32,87,51,5.79
44,Dikson,RU,2022-07-23 22:30:43,broken clouds,73.5069,80.5464,48.52,79,82,10.22
45,Mecca,SA,2022-07-23 22:26:49,overcast clouds,21.4267,39.8261,90.37,48,88,11.65
46,Bubaque,GW,2022-07-23 22:24:02,overcast clouds,11.2833,-15.8333,80.01,80,100,15.57
47,Palmer,US,2022-07-23 22:26:49,few clouds,42.1584,-72.3287,95.5,39,20,11.5
48,Peleduy,RU,2022-07-23 22:31:43,clear sky,59.6289,112.7406,77.47,62,4,2.59
49,Hobart,AU,2022-07-23 22:29:04,light rain,-42.8794,147.3294,48.27,94,0,5.75
50,Mar Del Plata,AR,2022-07-23 22:31:44,light rain,-38.0023,-57.5575,54.09,58,100,0.0
51,Narsaq,GL,2022-07-23 22:31:44,overcast clouds,60.9167,-46.05,55.62,83,99,3.91
52,Norman Wells,CA,2022-07-23 22:31:45,broken clouds,65.282,-126.8329,64.44,72,75,10.36
53,Cape Town,ZA,2022-07-23 22:29:15,clear sky,-33.9258,18.4232,54.46,65,4,13.42
54,Butaritari,KI,2022-07-23 22:31:45,light rain,3.0707,172.7902,81.39,80,25,15.86
55,Hermanus,ZA,2022-07-23 22:29:19,broken clouds,-34.4187,19.2345,52.92,70,58,4.88
56,New Norfolk,AU,2022-07-23 22:31:45,overcast clouds,-42.7826,147.0587,47.91,86,100,2.1
57,Nikolskoye,RU,2022-07-23 22:31:46,broken clouds,59.7035,30.7861,66.09,98,62,4.41
58,Faanui,PF,2022-07-23 22:31:46,clear sky,-16.4833,-151.75,79.45,73,10,13.58
59,Turukhansk,RU,2022-07-23 22:31:46,light rain,65.8167,87.9833,60.96,90,100,8.03
60,Kapaa,US,2022-07-23 22:31:47,few clouds,22.0752,-159.319,84.52,65,20,13.8
61,Isabela,PH,2022-07-23 22:31:47,overcast clouds,6.7085,121.9711,75.25,80,99,2.53
62,Carnarvon,AU,2022-07-23 22:31:48,broken clouds,-24.8667,113.6333,63.18,64,60,17.4
63,Atuona,PF,2022-07-23 22:31:48,scattered clouds,-9.8,-139.0333,77.59,76,44,18.12
64,Saint George,US,2022-07-23 22:29:07,broken clouds,37.1041,-113.5841,103.24,19,74,17.38
65,Kavaratti,IN,2022-07-23 22:31:48,broken clouds,10.5669,72.642,80.94,77,67,16.35
66,Hilo,US,2022-07-23 22:28:58,overcast clouds,19.7297,-155.09,86.29,94,100,8.05
67,Chokurdakh,RU,2022-07-23 22:31:49,broken clouds,70.6333,147.9167,59.04,44,84,11.81
68,Abbeville,FR,2022-07-23 22:31:49,overcast clouds,50.1,1.8333,59.49,79,91,2.8
69,Lorengau,PG,2022-07-23 22:31:50,few clouds,-2.0226,147.2712,83.53,76,16,8.95
70,Salalah,OM,2022-07-23 22:21:29,broken clouds,17.0151,54.0924,77.09,94,75,6.91
71,Bacong,PH,2022-07-23 22:31:50,light rain,9.2464,123.2956,80.58,82,93,2.55
72,Abu Kamal,SY,2022-07-23 22:31:51,clear sky,34.4506,40.9171,88.79,21,0,16.84
73,Savannah Bight,HN,2022-07-23 22:31:51,broken clouds,16.45,-85.85,82.8,84,84,22.48
74,Severo-Kurilsk,RU,2022-07-23 22:31:51,broken clouds,50.6789,156.125,56.82,88,55,4.23
75,Trelleborg,SE,2022-07-23 22:31:52,overcast clouds,55.3751,13.1569,59.94,88,99,16.6
76,Santiago Del Estero,AR,2022-07-23 22:31:52,overcast clouds,-27.7951,-64.2615,73.94,50,100,5.32
77,Ulladulla,AU,2022-07-23 22:31:31,few clouds,-35.35,150.4667,54.25,81,22,2.68
78,Aranos,NA,2022-07-23 22:31:53,overcast clouds,-24.1333,19.1167,60.64,32,93,13.22
79,Lata,PT,2022-07-23 22:31:53,clear sky,40.1629,-8.3327,59.68,82,0,1.43
80,Nishihara,JP,2022-07-23 22:22:47,scattered clouds,26.1842,127.7558,83.86,89,40,3.44
81,Busselton,AU,2022-07-23 22:31:54,overcast clouds,-33.65,115.3333,50.77,69,86,10.09
82,Waipawa,NZ,2022-07-23 22:31:54,overcast clouds,-41.4122,175.5153,47.88,77,100,7.02
83,Bombay,IN,2022-07-23 22:31:24,light rain,19.0144,72.8479,82.38,89,75,14.97
84,Ayagoz,KZ,2022-07-23 22:31:54,broken clouds,47.9714,80.4392,61.38,44,60,2.53
85,Chongwe,ZM,2022-07-23 22:31:55,clear sky,-15.3292,28.682,54.18,74,3,2.37
86,Jamestown,US,2022-07-23 22:26:57,broken clouds,42.097,-79.2353,77.52,80,75,1.99
87,Nevsehir,TR,2022-07-23 22:31:55,clear sky,38.9167,34.6667,57.79,66,0,6.6
88,Hasaki,JP,2022-07-23 22:24:05,overcast clouds,35.7333,140.8333,79.29,83,99,10.22
89,Hualmay,PE,2022-07-23 22:31:55,scattered clouds,-11.0964,-77.6139,62.33,83,29,8.41
90,Karia,NG,2022-07-23 22:31:56,light rain,11.7306,11.1629,76.89,71,100,7.72
91,Guerrero Negro,MX,2022-07-23 22:29:14,few clouds,27.9769,-114.0611,75.81,58,11,16.04
92,Tiarei,PF,2022-07-23 22:32:56,light rain,-17.5333,-149.3333,84.22,77,12,16.6
93,Sabha,LY,2022-07-23 22:32:57,clear sky,27.0377,14.4283,82.42,25,0,9.95
94,Esperance,AU,2022-07-23 22:32:57,moderate rain,-33.8667,121.9,49.84,66,100,22.39
95,Luanda,AO,2022-07-23 22:32:57,broken clouds,-8.8368,13.2343,69.8,88,75,3.44
96,Huallanca,PE,2022-07-23 22:32:58,broken clouds,-9.8993,-76.9417,49.95,72,62,3.44
97,Privolzhye,RU,2022-07-23 22:32:58,overcast clouds,52.8649,48.6044,63.27,86,89,7.14
98,Portland,US,2022-07-23 22:23:14,few clouds,45.5234,-122.6762,83.98,51,20,4.61
99,Port Elizabeth,ZA,2022-07-23 22:29:15,scattered clouds,-33.918,25.5701,53.89,86,40,13.8
100,Fortuna,US,2022-07-23 22:32:59,few clouds,40.5982,-124.1573,68.02,60,19,9.75
101,Lebu,CL,2022-07-23 22:32:59,overcast clouds,-37.6167,-73.65,51.75,93,100,5.57
102,Provideniya,RU,2022-07-23 22:32:59,overcast clouds,64.3833,-173.3,46.27,77,96,6.8
103,Yerofey Pavlovich,RU,2022-07-23 22:33:00,clear sky,53.9667,121.9667,69.22,66,0,3.65
104,Sekoma,BW,2022-07-23 22:33:00,scattered clouds,-24.4,23.8833,60.12,43,27,7.83
105,Codrington,AU,2022-07-23 22:33:00,clear sky,-38.2667,141.9667,49.26,93,5,6.31
106,Oranjemund,NA,2022-07-23 22:33:01,clear sky,-28.55,16.4333,52.41,77,0,15.97
107,Port Alfred,ZA,2022-07-23 22:33:01,broken clouds,-33.5906,26.891,53.19,82,80,5.99
108,Hrubieszow,PL,2022-07-23 22:33:01,moderate rain,50.805,23.8925,65.59,92,98,11.18
109,Lagoa,PT,2022-07-23 22:26:40,few clouds,39.05,-27.9833,72.84,89,24,9.75
110,Esfarayen,IR,2022-07-23 22:33:02,clear sky,37.0765,57.5101,69.46,59,1,6.06
111,Normandin,CA,2022-07-23 22:33:02,broken clouds,48.8333,-72.5321,80.91,69,52,5.75
112,Upernavik,GL,2022-07-23 22:33:03,overcast clouds,72.7868,-56.1549,42.94,96,100,4.52
113,Mayfield Heights,US,2022-07-23 22:33:03,clear sky,41.5192,-81.4579,82.24,63,0,6.91
114,Coos Bay,US,2022-07-23 22:30:08,clear sky,43.3665,-124.2179,75.99,77,0,24.16
115,Coquimbo,CL,2022-07-23 22:33:03,overcast clouds,-29.9533,-71.3436,55.13,82,100,4.61
116,Tamiahua,MX,2022-07-23 22:24:02,clear sky,21.2667,-97.45,88.02,61,6,14.63
117,Astana,KZ,2022-07-23 22:27:50,clear sky,51.1801,71.446,66.15,55,0,4.47
118,Okhotsk,RU,2022-07-23 22:25:13,light rain,59.3833,143.3,58.44,94,100,10.0
119,Georgetown,MY,2022-07-23 22:28:05,scattered clouds,5.4112,100.3354,78.73,94,40,0.0
120,Kirakira,SB,2022-07-23 22:33:04,scattered clouds,-10.4544,161.9205,84.11,70,44,5.55
121,San Jose,US,2022-07-23 22:32:59,clear sky,37.3394,-121.895,91.69,42,0,12.66
122,Huilong,CN,2022-07-23 22:33:05,clear sky,31.8111,121.655,76.53,85,8,8.55
123,Ekibastuz,KZ,2022-07-23 22:33:05,scattered clouds,51.6667,75.3667,63.81,72,47,7.81
124,Nanae,JP,2022-07-23 22:33:05,broken clouds,41.8833,140.6833,71.83,83,75,10.36
125,Marawi,PH,2022-07-23 22:23:57,overcast clouds,7.9986,124.2928,68.81,92,90,2.86
126,Tecate,MX,2022-07-23 22:33:06,broken clouds,32.5667,-116.6333,95.58,43,68,8.19
127,Akdepe,TM,2022-07-23 22:33:06,clear sky,42.0551,59.3788,82.49,40,0,14.25
128,Trairi,BR,2022-07-23 22:31:34,scattered clouds,-3.2778,-39.2689,78.96,77,42,13.11
129,Teguise,ES,2022-07-23 22:29:06,overcast clouds,29.0605,-13.564,70.54,80,92,8.37
130,Kenai,US,2022-07-23 22:33:07,broken clouds,60.5544,-151.2583,63.03,59,75,4.61
131,Amapa,BR,2022-07-23 22:33:07,overcast clouds,1.0,-52.0,76.95,80,96,1.97
132,Ponta Delgada,PT,2022-07-23 22:33:08,overcast clouds,37.7333,-25.6667,71.1,88,100,2.89
133,Vilhena,BR,2022-07-23 22:33:08,few clouds,-12.7406,-60.1458,82.62,36,20,5.75
134,Maple Grove,US,2022-07-23 22:31:15,few clouds,45.0725,-93.4558,78.26,77,20,14.97
135,East London,ZA,2022-07-23 22:30:55,broken clouds,-33.0153,27.9116,57.85,65,64,21.72
136,Mansa,IN,2022-07-23 22:34:09,overcast clouds,29.9833,75.3833,84.63,71,91,7.65
137,Clyde River,CA,2022-07-23 22:27:44,clear sky,70.4692,-68.5914,55.63,62,0,6.91
138,Lanxi,CN,2022-07-23 22:34:10,clear sky,29.2195,119.477,82.38,71,1,0.89
139,Morros,BR,2022-07-23 22:34:10,clear sky,-9.4467,-46.3003,76.06,36,2,3.6
140,Zyryanka,RU,2022-07-23 22:34:10,clear sky,65.75,150.85,68.32,36,0,6.46
141,Rezh,RU,2022-07-23 22:34:11,overcast clouds,57.37,61.4043,61.14,71,94,3.87
142,Hasanabad,IR,2022-07-23 22:34:11,clear sky,36.5465,61.0543,86.22,42,0,4.61
143,Khatanga,RU,2022-07-23 22:34:11,few clouds,71.9667,102.5,56.55,76,13,12.95
144,Dunedin,NZ,2022-07-23 22:34:12,clear sky,-45.8742,170.5036,47.8,62,2,15.01
145,Leningradskiy,RU,2022-07-23 22:34:12,overcast clouds,69.3833,178.4167,34.68,94,100,6.73
146,Clarence Town,AU,2022-07-23 22:34:13,few clouds,-32.5833,151.7833,53.85,84,17,1.83
147,Matay,EG,2022-07-23 22:32:53,clear sky,28.419,30.7792,81.14,42,0,14.43
148,Mahebourg,MU,2022-07-23 22:34:13,scattered clouds,-20.4081,57.7,69.26,83,40,8.05
149,Quesnel,CA,2022-07-23 22:30:46,clear sky,52.9999,-122.5029,81.1,29,0,5.75
150,Ahipara,NZ,2022-07-23 22:33:22,light rain,-35.1667,173.1667,56.3,89,100,17.72
151,Cidreira,BR,2022-07-23 22:31:37,broken clouds,-30.1811,-50.2056,62.33,97,57,9.78
152,Haines Junction,CA,2022-07-23 22:34:14,broken clouds,60.7522,-137.5108,62.55,36,74,12.66
153,Ixtapa,MX,2022-07-23 22:34:14,broken clouds,20.7,-105.2,86.23,74,75,1.99
154,Surandai,IN,2022-07-23 22:34:14,broken clouds,8.9667,77.4,75.51,84,84,11.32
155,Kathu,TH,2022-07-23 22:34:15,overcast clouds,7.9178,98.3332,85.75,83,100,6.15
156,Victoria,HK,2022-07-23 22:31:33,scattered clouds,22.2855,114.1577,89.19,82,31,4.0
157,Tepechitlan,MX,2022-07-23 22:34:15,scattered clouds,21.6667,-103.3333,64.81,83,48,6.4
158,Peniche,PT,2022-07-23 22:34:16,clear sky,39.3558,-9.3811,66.29,91,0,10.16
159,Souillac,MU,2022-07-23 22:34:16,scattered clouds,-20.5167,57.5167,68.38,83,40,8.05
160,Camaguey,CU,2022-07-23 22:34:16,scattered clouds,21.3808,-77.9169,89.94,55,40,14.97
161,Popondetta,PG,2022-07-23 22:34:17,scattered clouds,-8.7537,148.2534,84.78,64,42,0.63
162,Vila Velha,BR,2022-07-23 22:31:11,few clouds,-20.3297,-40.2925,73.35,85,20,5.75
163,Kinsale,IE,2022-07-23 22:34:17,broken clouds,51.7075,-8.5306,62.24,94,75,12.66
164,Tuktoyaktuk,CA,2022-07-23 22:34:17,light rain,69.4541,-133.0374,51.8,93,100,14.97
165,Talnakh,RU,2022-07-23 22:33:13,overcast clouds,69.4865,88.3972,65.21,55,85,3.76
166,Yeppoon,AU,2022-07-23 22:34:18,clear sky,-23.1333,150.7333,56.98,73,0,7.54
167,Nuuk,GL,2022-07-23 22:34:18,broken clouds,64.1835,-51.7216,48.72,74,54,12.01
168,Broome,US,2022-07-23 22:27:46,broken clouds,42.2506,-75.833,93.02,41,75,5.75
169,Plouzane,FR,2022-07-23 22:34:19,few clouds,48.3833,-4.6167,61.12,97,20,10.36
170,Espanola,US,2022-07-23 22:34:19,broken clouds,35.9911,-106.0806,93.94,32,58,8.01
171,Port-Gentil,GA,2022-07-23 22:34:19,scattered clouds,-0.7193,8.7815,75.16,78,40,6.91
172,Ryotsu,JP,2022-07-23 22:34:20,overcast clouds,38.0833,138.4333,74.35,83,99,3.13
173,Beloha,MG,2022-07-23 22:30:16,few clouds,-25.1667,45.05,65.66,73,11,4.54
174,Coolum Beach,AU,2022-07-23 22:34:20,scattered clouds,-26.5333,153.1,62.11,80,31,12.84
175,Tigil,RU,2022-07-23 22:26:32,scattered clouds,57.8,158.6667,62.1,49,48,1.99
176,Tommot,RU,2022-07-23 22:34:21,broken clouds,58.9564,126.2925,75.49,78,77,1.05
177,Ukiah,US,2022-07-23 22:30:02,clear sky,39.1502,-123.2078,102.43,22,0,5.01
178,Samana,DO,2022-07-23 22:34:21,broken clouds,19.2056,-69.3369,84.16,80,76,8.12
179,Barrow,US,2022-07-23 22:34:22,overcast clouds,71.2906,-156.7887,37.42,87,100,12.66
180,Whitehorse,CA,2022-07-23 22:33:53,broken clouds,60.7161,-135.0538,63.37,39,75,4.61
181,Villazon,BO,2022-07-23 22:34:22,clear sky,-22.0866,-65.5942,49.44,12,1,8.14
182,Lagos,NG,2022-07-23 22:33:03,moderate rain,6.5833,3.75,74.03,94,100,3.94
183,Longyearbyen,SJ,2022-07-23 22:35:22,broken clouds,78.2186,15.6401,48.04,87,75,6.91
184,Tasiilaq,GL,2022-07-23 22:35:23,overcast clouds,65.6145,-37.6368,39.36,84,100,7.87
185,Kimbe,PG,2022-07-23 22:27:53,few clouds,-5.5502,150.1429,79.86,81,13,4.32
186,Tura,IN,2022-07-23 22:35:23,light rain,25.5198,90.2201,73.17,99,100,4.41
187,Broken Hill,AU,2022-07-23 22:32:12,clear sky,-31.95,141.4333,55.78,72,2,9.95
188,Portree,GB,2022-07-23 22:35:24,light rain,57.4129,-6.1942,58.1,98,100,4.16
189,Saldanha,ZA,2022-07-23 22:35:24,clear sky,-33.0117,17.9442,54.82,68,0,20.96
190,Naze,JP,2022-07-23 22:35:24,overcast clouds,28.3667,129.4833,79.72,69,100,0.74
191,Te Anau,NZ,2022-07-23 22:35:25,broken clouds,-45.4167,167.7167,42.35,87,60,1.05
192,Plettenberg Bay,ZA,2022-07-23 22:35:25,light rain,-34.0527,23.3716,52.9,76,83,10.2
193,Grindavik,IS,2022-07-23 22:35:25,broken clouds,63.8424,-22.4338,52.02,84,53,10.02
194,Pisco,PE,2022-07-23 22:35:26,mist,-13.7,-76.2167,60.85,88,100,5.75
195,Umm Lajj,SA,2022-07-23 22:35:26,overcast clouds,25.0213,37.2685,86.4,52,100,9.35
196,Ukhta,RU,2022-07-23 22:35:26,scattered clouds,63.5671,53.6835,53.65,65,32,1.7
197,Aitape,PG,2022-07-23 22:35:27,few clouds,-3.1374,142.3475,80.51,83,16,3.38
198,Port Hueneme,US,2022-07-23 22:33:07,overcast clouds,34.1478,-119.1951,97.25,72,100,11.5
199,Svetlogorsk,BY,2022-07-23 22:35:27,broken clouds,52.6333,29.7333,64.18,68,71,6.85
200,Katangli,RU,2022-07-23 22:35:28,broken clouds,51.7102,143.2326,60.53,77,80,7.27
201,Tanout,NE,2022-07-23 22:35:28,broken clouds,14.9709,8.8879,87.06,42,58,8.63
202,Katsuura,JP,2022-07-23 22:35:29,overcast clouds,35.1333,140.3,80.2,79,99,12.64
203,Yar-Sale,RU,2022-07-23 22:35:29,moderate rain,66.8333,70.8333,48.76,89,89,19.71
204,Kwekwe,ZW,2022-07-23 22:35:29,scattered clouds,-18.9281,29.8149,54.91,57,43,5.55
205,Boguchany,RU,2022-07-23 22:35:29,broken clouds,58.3814,97.4531,57.52,89,75,4.59
206,Faya,SA,2022-07-23 22:35:30,overcast clouds,18.3851,42.4509,60.91,76,100,17.58
207,Ostrovnoy,RU,2022-07-23 22:35:30,overcast clouds,68.0531,39.5131,49.84,92,98,2.91
208,Wilmington,US,2022-07-23 22:35:30,clear sky,34.2257,-77.9447,84.11,73,0,5.75
209,Guiratinga,BR,2022-07-23 22:35:31,scattered clouds,-16.3494,-53.7583,76.17,31,25,4.36
210,Pevek,RU,2022-07-23 22:30:31,overcast clouds,69.7008,170.3133,36.07,84,96,4.23
211,Hithadhoo,MV,2022-07-23 22:35:31,overcast clouds,-0.6,73.0833,81.25,72,100,4.36
212,Bethel,US,2022-07-23 22:35:32,clear sky,41.3712,-73.414,92.52,47,0,6.91
213,Kahului,US,2022-07-23 22:33:12,scattered clouds,20.8947,-156.47,89.62,54,40,19.57
214,Flinders,AU,2022-07-23 22:35:32,clear sky,-34.5833,150.8552,52.38,94,10,2.59
215,Nchelenge,ZM,2022-07-23 22:35:32,scattered clouds,-9.3451,28.734,67.62,52,39,6.26
216,Kutum,SD,2022-07-23 22:35:33,broken clouds,14.2,24.6667,81.82,36,62,4.74
217,Teknaf,BD,2022-07-23 22:35:33,overcast clouds,20.8624,92.3058,77.18,91,100,7.63
218,Bhinga,IN,2022-07-23 22:35:33,broken clouds,27.7167,81.9333,83.37,72,68,12.68
219,Port Hedland,AU,2022-07-23 22:35:34,clear sky,-20.3167,118.5667,57.25,72,0,10.36
220,Tautira,PF,2022-07-23 22:35:34,light rain,-17.7333,-149.15,79.18,76,4,16.44
221,Vardo,NO,2022-07-23 22:35:34,overcast clouds,70.3705,31.1107,49.98,93,100,9.22
222,Mayo,US,2022-07-23 22:35:11,clear sky,38.8876,-76.5119,97.36,65,0,12.66
223,Monte Redondo,PT,2022-07-23 22:35:35,broken clouds,39.8993,-8.8317,66.42,91,75,4.61
224,Badia Polesine,IT,2022-07-23 22:35:35,overcast clouds,45.0972,11.4916,82.9,67,99,2.57
225,Innisfail,AU,2022-07-23 22:35:36,overcast clouds,-17.5333,146.0333,66.29,77,98,4.88
226,Tumaco,CO,2022-07-23 22:35:36,overcast clouds,1.7986,-78.8156,76.87,84,99,7.99
227,Bilma,NE,2022-07-23 22:35:36,clear sky,18.6853,12.9164,92.43,23,8,4.68
228,Puerto Ayora,EC,2022-07-23 22:32:48,broken clouds,-0.7393,-90.3518,78.76,87,78,8.01
229,Vestmannaeyjar,IS,2022-07-23 22:33:49,overcast clouds,63.4427,-20.2734,54.03,86,100,6.69
230,Okha,RU,2022-07-23 22:32:09,scattered clouds,53.5739,142.9478,61.81,74,32,11.07
231,Rio Gallegos,AR,2022-07-23 22:36:37,clear sky,-51.6226,-69.2181,28.45,93,0,11.5
232,Celendin,PE,2022-07-23 22:36:37,few clouds,-6.8703,-78.1517,64.92,65,23,4.9
233,Bogo,PH,2022-07-23 22:36:38,overcast clouds,11.0517,124.0055,80.69,81,99,2.37
234,Marsa Matruh,EG,2022-07-23 22:36:38,clear sky,31.3525,27.2453,77.2,83,0,6.91
235,Tarakan,ID,2022-07-23 22:36:38,scattered clouds,3.3,117.6333,78.3,94,40,0.0
236,San Cristobal,VE,2022-07-23 22:36:39,few clouds,7.7669,-72.225,78.98,68,11,2.39
237,Little Current,CA,2022-07-23 22:36:39,broken clouds,45.9793,-81.9248,80.42,59,79,7.7
238,Chicama,PE,2022-07-23 22:36:39,scattered clouds,-7.8447,-79.1469,61.34,80,42,8.3
239,Magadan,RU,2022-07-23 22:36:35,overcast clouds,59.5667,150.8,54.54,81,100,14.14
240,Chuy,UY,2022-07-23 22:36:40,broken clouds,-33.6971,-53.4616,61.9,89,79,6.96
241,Laon,FR,2022-07-23 22:36:40,overcast clouds,49.5667,3.6667,62.53,69,89,5.21
242,Brae,GB,2022-07-23 22:36:41,light rain,60.3964,-1.353,52.45,92,100,14.83
243,Kavieng,PG,2022-07-23 22:32:56,few clouds,-2.5744,150.7967,83.88,70,14,9.64
244,Half Moon Bay,US,2022-07-23 22:36:41,few clouds,37.4636,-122.4286,84.54,69,20,20.71
245,Deputatskiy,RU,2022-07-23 22:36:41,scattered clouds,69.3,139.9,54.05,59,36,6.44
246,Ishigaki,JP,2022-07-23 22:36:42,few clouds,24.3448,124.1572,82.53,94,20,6.91
247,Arvika,SE,2022-07-23 22:36:42,overcast clouds,59.6553,12.5852,54.82,90,99,2.53
248,Otofuke,JP,2022-07-23 22:36:42,light rain,42.9917,143.2003,68.61,90,84,0.85
249,Tiksi,RU,2022-07-23 22:35:06,scattered clouds,71.6872,128.8694,48.85,78,31,6.17
250,Savonlinna,FI,2022-07-23 22:36:43,overcast clouds,61.8699,28.88,60.85,94,100,6.91
251,Sarandi,BR,2022-07-23 22:33:01,clear sky,-23.4436,-51.8739,74.75,43,0,3.44
252,Magdalena,PH,2022-07-23 22:36:43,overcast clouds,14.1999,121.429,80.35,93,100,1.92
253,Rosarito,MX,2022-07-23 22:36:44,scattered clouds,32.3333,-117.0333,81.63,68,50,7.25
254,Niksic,ME,2022-07-23 22:36:44,clear sky,42.7731,18.9445,64.26,42,0,3.98
255,Pangkalanbuun,ID,2022-07-23 22:36:44,overcast clouds,-2.6833,111.6167,72.36,99,86,2.53
256,Pangnirtung,CA,2022-07-23 22:36:45,few clouds,66.1451,-65.7125,53.44,60,13,3.49
257,Riyadh,SA,2022-07-23 22:33:31,overcast clouds,24.6877,46.7219,95.14,17,96,7.27
258,Dakar,SN,2022-07-23 22:36:25,light rain,14.6937,-17.4441,78.93,94,40,16.11
259,Isangel,VU,2022-07-23 22:36:45,clear sky,-19.55,169.2667,80.15,77,8,12.5
260,Shingu,JP,2022-07-23 22:34:06,broken clouds,33.7333,135.9833,80.4,65,78,0.51
261,Sao Mateus,BR,2022-07-23 22:36:46,clear sky,-18.7161,-39.8589,69.08,77,3,5.5
262,Praya,CV,2022-07-23 22:35:28,broken clouds,14.9215,-23.5087,79.34,83,75,6.91
263,Egvekinot,RU,2022-07-23 22:36:46,overcast clouds,66.3167,-179.1667,41.94,68,100,6.4
264,Gravdal,NO,2022-07-23 22:36:47,broken clouds,68.1214,13.5031,52.47,77,58,6.91
265,Cairns,AU,2022-07-23 22:32:51,scattered clouds,-16.9167,145.7667,70.57,69,29,8.28
266,Bilibino,RU,2022-07-23 22:32:20,overcast clouds,68.0546,166.4372,57.56,42,98,1.59
267,Borgarnes,IS,2022-07-23 22:36:47,overcast clouds,64.5383,-21.9206,55.81,86,95,2.17
268,Nagato,JP,2022-07-23 22:36:47,overcast clouds,34.3833,131.2,78.8,74,100,6.24
269,Zanjan,IR,2022-07-23 22:36:48,few clouds,36.6736,48.4787,59.92,77,20,7.54
270,Cookeville,US,2022-07-23 22:36:48,clear sky,36.1628,-85.5016,92.62,68,0,1.01
271,Hami,CN,2022-07-23 22:36:48,scattered clouds,42.8,93.45,84.29,21,49,7.92
272,Chimore,BO,2022-07-23 22:36:49,scattered clouds,-16.9833,-65.1333,80.46,53,50,2.64
273,Nome,US,2022-07-23 22:33:29,overcast clouds,64.5011,-165.4064,48.27,87,100,12.66
274,Turbat,PK,2022-07-23 22:36:49,overcast clouds,26.0023,63.044,82.24,78,96,6.91
275,Loharu,IN,2022-07-23 22:36:50,overcast clouds,28.45,75.8167,84.33,74,100,8.32
276,Sept-Iles,CA,2022-07-23 22:35:02,broken clouds,50.2001,-66.3821,68.52,95,75,4.61
277,Flin Flon,CA,2022-07-23 22:33:25,broken clouds,54.7682,-101.865,64.24,55,75,8.05
278,Kaeo,NZ,2022-07-23 22:37:50,light rain,-35.1,173.7833,58.32,90,100,19.19
279,Cascais,PT,2022-07-23 22:37:51,clear sky,38.6979,-9.4215,72.55,61,0,12.66
280,Sabinas,MX,2022-07-23 22:37:51,few clouds,27.85,-101.1167,100.36,23,15,17.52
281,Bahir Dar,ET,2022-07-23 22:37:51,overcast clouds,11.5936,37.3908,59.65,95,92,3.69
282,Gilbues,BR,2022-07-23 22:37:52,clear sky,-9.8317,-45.3439,74.44,34,4,5.19
283,Sarangarh,IN,2022-07-23 22:37:52,overcast clouds,21.6,83.0833,76.5,93,97,5.23
284,Vega De Alatorre,MX,2022-07-23 22:37:53,few clouds,20.0333,-96.6333,87.28,63,15,17.54
285,Terrace,CA,2022-07-23 22:33:28,overcast clouds,54.5163,-128.6035,75.79,48,100,2.51
286,Maragheh,IR,2022-07-23 22:37:53,clear sky,37.3917,46.2398,71.26,46,0,11.5
287,Itarema,BR,2022-07-23 22:37:53,broken clouds,-2.9248,-39.9167,79.32,75,51,14.63
288,Mwanza,TZ,2022-07-23 22:37:54,scattered clouds,-2.5167,32.9,71.53,47,30,9.75
289,Pembroke,CA,2022-07-23 22:37:54,broken clouds,45.8168,-77.1162,83.39,50,72,9.33
290,Nambour,AU,2022-07-23 22:35:22,few clouds,-26.6333,152.95,61.86,80,13,6.33
291,Cabo San Lucas,MX,2022-07-23 22:37:54,overcast clouds,22.8909,-109.9124,79.52,87,100,5.01
292,Newport,GB,2022-07-23 22:37:55,light rain,51.5877,-2.9984,66.78,85,94,15.46
293,Fare,PF,2022-07-23 22:37:55,clear sky,-16.7,-151.0167,79.41,74,0,13.76
294,Nizwa,OM,2022-07-23 22:37:55,light rain,22.9333,57.5333,85.57,62,42,1.86
295,Taoudenni,ML,2022-07-23 22:33:53,clear sky,22.6783,-3.9836,99.61,8,0,14.83
296,Teahupoo,PF,2022-07-23 22:37:56,light rain,-17.8333,-149.2667,78.76,75,4,16.35
297,Nicolas Bravo,MX,2022-07-23 22:37:56,overcast clouds,18.45,-88.9167,81.07,74,100,4.83
298,Belaya Gora,RU,2022-07-23 22:37:56,scattered clouds,68.5333,146.4167,63.72,39,36,14.76
299,Severo-Yeniseyskiy,RU,2022-07-23 22:37:57,broken clouds,60.3725,93.0408,47.43,84,66,6.02
300,Leshukonskoye,RU,2022-07-23 22:33:09,light rain,64.8989,45.7622,53.29,98,100,7.02
301,Lasa,IT,2022-07-23 22:35:31,broken clouds,46.6166,10.7002,67.08,91,59,3.74
302,Winder,US,2022-07-23 22:37:57,clear sky,33.9926,-83.7202,93.78,62,0,0.0
303,Laguna,US,2022-07-23 22:37:58,clear sky,38.421,-121.4238,101.32,25,0,5.75
304,Baiyin,CN,2022-07-23 22:37:58,clear sky,36.5583,104.2081,69.3,59,1,2.3
305,Namibe,AO,2022-07-23 22:37:58,scattered clouds,-15.1961,12.1522,63.21,90,36,1.14
306,Sao Filipe,CV,2022-07-23 22:37:59,light rain,14.8961,-24.4956,77.67,85,100,5.01
307,Amalapuram,IN,2022-07-23 22:37:59,broken clouds,16.5833,82.0167,77.52,84,70,4.52
308,Maningrida,AU,2022-07-23 22:37:59,overcast clouds,-12.0667,134.2667,64.27,63,95,7.36
309,Hirna,ET,2022-07-23 22:38:00,light rain,9.2167,41.1,61.86,77,76,8.79
310,Richards Bay,ZA,2022-07-23 22:38:00,scattered clouds,-28.783,32.0377,68.25,78,45,12.41
311,Comachuen,MX,2022-07-23 22:38:00,overcast clouds,19.6167,-101.9,59.81,80,93,2.68
312,Batagay,RU,2022-07-23 22:38:01,overcast clouds,67.6333,134.6333,59.63,91,100,4.29
313,Zhigansk,RU,2022-07-23 22:38:01,scattered clouds,66.7697,123.3711,57.29,74,45,9.08
314,Male,MV,2022-07-23 22:33:04,overcast clouds,4.1748,73.5089,82.44,75,97,14.79
315,Turkistan,KZ,2022-07-23 22:38:02,clear sky,43.0,68.0,90.72,18,1,20.49
316,Itacare,BR,2022-07-23 22:38:02,overcast clouds,-14.2775,-38.9967,71.65,90,100,9.57
317,Coihaique,CL,2022-07-23 22:37:26,light snow,-45.5752,-72.0662,30.81,86,100,0.0
318,Lamu,KE,2022-07-23 22:38:03,clear sky,-2.2717,40.902,73.62,80,8,18.21
319,Namatanai,PG,2022-07-23 22:38:03,clear sky,-3.6667,152.4333,83.7,66,8,4.76
320,Port Hardy,CA,2022-07-23 22:38:03,few clouds,50.6996,-127.4199,61.52,72,16,14.5
321,Hamilton,US,2022-07-23 22:38:03,clear sky,39.1834,-84.5333,90.43,54,0,8.05
322,Ratnagiri,IN,2022-07-23 22:38:04,moderate rain,16.9833,73.3,78.78,83,100,10.0
323,Poum,NC,2022-07-23 22:39:05,broken clouds,-20.2333,164.0167,74.84,73,81,9.01
324,Singaraja,ID,2022-07-23 22:39:06,broken clouds,-8.112,115.0882,73.71,77,67,6.15
325,Svetlyy,RU,2022-07-23 22:39:06,broken clouds,54.675,20.1347,61.09,81,63,11.14
326,Nova Odesa,UA,2022-07-23 22:39:06,clear sky,47.3078,31.7851,69.06,50,0,3.98
327,Petrila,RO,2022-07-23 22:39:07,clear sky,45.45,23.4167,69.93,35,3,4.61
328,Choix,MX,2022-07-23 22:39:07,overcast clouds,26.7092,-108.3219,92.66,46,97,5.59
329,Kimberley,ZA,2022-07-23 22:38:59,scattered clouds,-28.7323,24.7623,44.29,61,43,11.5
330,Saint-Pierre,RE,2022-07-23 22:39:08,broken clouds,-21.3393,55.4781,67.68,76,75,4.61
331,Maniitsoq,GL,2022-07-23 22:39:08,overcast clouds,65.4167,-52.9,46.08,84,90,6.85
332,Vao,NC,2022-07-23 22:39:08,overcast clouds,-22.6667,167.4833,73.71,87,85,15.03
333,Esil,KZ,2022-07-23 22:39:09,clear sky,51.9556,66.4042,60.87,79,1,6.73
334,Loandjili,CG,2022-07-23 22:39:09,few clouds,-4.7561,11.8578,69.82,87,24,2.26
335,Fort Nelson,CA,2022-07-23 22:36:13,scattered clouds,58.8053,-122.7002,69.39,52,40,3.44
336,Kaitangata,NZ,2022-07-23 22:39:09,scattered clouds,-46.2817,169.8464,40.96,69,46,2.33
337,Saint-Louis,SN,2022-07-23 22:34:13,overcast clouds,16.3333,-15.0,86.41,59,91,9.53
338,Acapulco,MX,2022-07-23 22:36:25,broken clouds,16.8634,-99.8901,85.82,70,75,9.22
339,Conceicao Do Araguaia,BR,2022-07-23 22:39:10,clear sky,-8.2578,-49.2647,80.69,33,10,2.51
340,Londoko,RU,2022-07-23 22:39:10,clear sky,49.0333,131.9833,68.74,72,6,2.21
341,Aktash,RU,2022-07-23 22:39:11,clear sky,50.3,87.7333,38.68,86,7,1.83
342,Isoka,ZM,2022-07-23 22:39:11,broken clouds,-10.1606,32.6335,57.15,73,57,3.15
343,Naranjal,EC,2022-07-23 22:39:11,overcast clouds,-2.6667,-79.6167,74.01,85,89,2.48
344,Kosum Phisai,TH,2022-07-23 22:39:12,overcast clouds,16.2486,103.0674,81.09,88,100,4.72
345,Talara,PE,2022-07-23 22:39:12,clear sky,-4.5772,-81.2719,65.21,85,8,14.29
346,Zhoucheng,CN,2022-07-23 22:39:13,clear sky,35.9122,116.3117,74.07,85,0,4.43
347,Cuamba,MZ,2022-07-23 22:39:13,broken clouds,-14.8031,36.5372,64.85,65,64,2.62
348,Geraldton,AU,2022-07-23 22:39:13,broken clouds,-28.7667,114.6,60.49,54,81,14.94
349,San Quintin,MX,2022-07-23 22:39:14,few clouds,30.4833,-115.95,71.64,66,22,9.46
350,Bandarbeyla,SO,2022-07-23 22:39:14,scattered clouds,9.4942,50.8122,76.03,82,25,29.91
351,Talcahuano,CL,2022-07-23 22:39:14,light intensity drizzle rain,-36.7167,-73.1167,53.28,100,100,11.5
352,Tiznit,MA,2022-07-23 22:39:15,overcast clouds,29.5833,-9.5,88.59,24,92,1.05
353,Camacha,PT,2022-07-23 22:39:15,few clouds,33.0833,-16.3333,67.42,83,20,3.44
354,Atar,MR,2022-07-23 22:39:15,heavy intensity rain,20.5169,-13.0499,79.99,79,100,15.55
355,Viedma,AR,2022-07-23 22:38:33,overcast clouds,-40.8135,-62.9967,48.94,69,100,7.18
356,Tavda,RU,2022-07-23 22:39:16,broken clouds,58.0425,65.2726,53.78,75,71,3.85
357,Manggar,ID,2022-07-23 22:39:16,scattered clouds,-2.8833,108.2667,79.84,83,50,10.98
358,Kichera,RU,2022-07-23 22:35:14,light rain,55.9375,110.0997,61.81,97,99,1.97
359,Saint Anthony,US,2022-07-23 22:39:17,thunderstorm,45.0205,-93.218,78.22,74,20,20.71
360,Sanlucar La Mayor,ES,2022-07-23 22:39:17,clear sky,37.3871,-6.2011,84.81,29,0,1.01
361,Olafsvik,IS,2022-07-23 22:39:17,scattered clouds,64.8945,-23.7142,51.57,85,38,9.26
362,Phetchabun,TH,2022-07-23 22:39:18,overcast clouds,16.25,101.0833,73.94,95,100,3.49
363,Kamien Pomorski,PL,2022-07-23 22:39:18,broken clouds,53.9685,14.7726,53.96,78,61,14.29
364,Puerto Colombia,CO,2022-07-23 22:35:51,scattered clouds,10.9878,-74.9547,80.85,82,38,16.93
365,Komsomolskiy,UZ,2022-07-23 22:39:19,clear sky,40.4272,71.7189,84.92,30,2,9.22
366,Gravelbourg,CA,2022-07-23 22:39:19,scattered clouds,49.8834,-106.5512,71.87,37,29,13.96
367,Maraba,BR,2022-07-23 22:39:19,broken clouds,-5.3686,-49.1178,79.2,45,71,1.36
368,Wewak,PG,2022-07-23 22:39:20,scattered clouds,-3.5534,143.6268,80.91,85,28,6.17
369,Forbes,AU,2022-07-23 22:39:20,clear sky,-33.3833,148.0167,56.91,72,0,3.74
370,Middelburg,ZA,2022-07-23 22:39:20,broken clouds,-25.7751,29.4648,52.97,63,70,5.41
371,Tamworth,GB,2022-07-23 22:39:14,overcast clouds,52.634,-1.6959,67.62,81,99,5.99
372,Christchurch,NZ,2022-07-23 22:35:32,overcast clouds,-43.5333,172.6333,43.41,93,100,2.3
373,Wainwright,CA,2022-07-23 22:40:21,few clouds,52.839,-110.8572,69.01,50,11,3.31
374,Mogadishu,SO,2022-07-23 22:38:06,light rain,2.0371,45.3438,75.74,83,77,20.04
375,Bandar,ID,2022-07-23 22:40:22,overcast clouds,2.05,99.75,71.78,98,92,2.26
376,Oyem,GA,2022-07-23 22:40:22,overcast clouds,1.5995,11.5793,66.4,99,98,2.57
377,Kuching,MY,2022-07-23 22:40:22,few clouds,1.55,110.3333,75.42,94,20,0.0
378,Dhidhdhoo,MV,2022-07-23 22:36:51,broken clouds,6.8833,73.1,81.39,76,81,15.66
379,Sioux Lookout,CA,2022-07-23 22:37:40,moderate rain,50.1001,-91.917,68.07,83,100,5.75
380,Cockburn Town,TC,2022-07-23 22:40:23,scattered clouds,21.4612,-71.1419,81.86,74,44,19.48
381,The Valley,AI,2022-07-23 22:40:23,few clouds,18.217,-63.0578,82.54,69,20,11.5
382,Hofn,IS,2022-07-23 22:40:24,broken clouds,64.2539,-15.2082,52.99,84,77,1.41
383,Strezhevoy,RU,2022-07-23 22:40:24,overcast clouds,60.7333,77.5889,47.84,93,90,8.68
384,Trelew,AR,2022-07-23 22:40:22,light rain,-43.249,-65.3051,39.06,99,100,11.79
385,Zeya,RU,2022-07-23 22:40:24,few clouds,53.75,127.2667,74.19,52,22,1.3
386,Rocha,UY,2022-07-23 22:40:25,overcast clouds,-34.4833,-54.3333,61.32,96,97,6.76
387,Castro,BR,2022-07-23 22:39:18,overcast clouds,-24.7911,-50.0119,59.5,67,100,2.71
388,Ankpa,NG,2022-07-23 22:40:25,overcast clouds,7.3706,7.6253,68.58,99,100,4.12
389,Bagdarin,RU,2022-07-23 22:40:26,light rain,54.4333,113.6,63.3,93,98,3.51
390,Luderitz,NA,2022-07-23 22:40:26,clear sky,-26.6481,15.1594,58.17,65,0,19.77
391,Shahdadkot,PK,2022-07-23 22:40:26,overcast clouds,27.8477,67.9055,84.25,74,100,9.13
392,Gunnedah,AU,2022-07-23 22:40:26,broken clouds,-30.9833,150.25,51.84,70,59,5.01
393,Ninghai,CN,2022-07-23 22:40:27,clear sky,29.2892,121.4247,82.24,84,4,1.68
394,Hadrut,AZ,2022-07-23 22:40:27,clear sky,39.52,47.0318,68.63,57,1,5.55
395,Rognan,NO,2022-07-23 22:40:28,broken clouds,67.0953,15.3878,53.06,50,71,0.65
396,Burnie,AU,2022-07-23 22:40:28,overcast clouds,-41.0667,145.9167,54.91,92,100,4.83
397,Beloye,UA,2022-07-23 22:40:28,few clouds,48.4952,39.0505,60.21,89,11,7.43
398,Taltal,CL,2022-07-23 22:40:29,scattered clouds,-25.4,-70.4833,56.97,86,31,3.29
399,Port Shepstone,ZA,2022-07-23 22:40:29,light rain,-30.7414,30.455,60.46,83,90,26.51
400,Sauk Rapids,US,2022-07-23 22:40:30,clear sky,45.5919,-94.1661,78.62,70,0,11.5
401,Fernley,US,2022-07-23 22:35:36,clear sky,39.608,-119.2518,95.14,7,0,4.12
402,Sitka,US,2022-07-23 22:40:30,light rain,57.0531,-135.33,57.09,88,100,5.75
403,Yaan,NG,2022-07-23 22:40:31,overcast clouds,7.3833,8.5667,69.49,99,100,3.98
404,Fairbanks,US,2022-07-23 22:37:31,clear sky,64.8378,-147.7164,66.22,48,0,4.61
405,Mangrol,IN,2022-07-23 22:40:31,overcast clouds,21.1167,70.1167,81.18,81,100,18.81
406,Hambantota,LK,2022-07-23 22:40:31,overcast clouds,6.1241,81.1185,79.34,80,93,19.17
407,Kailua,US,2022-07-23 22:40:32,clear sky,21.4022,-157.7394,77.94,73,10,16.55
408,Tessalit,ML,2022-07-23 22:40:32,broken clouds,20.1986,1.0114,94.6,21,78,14.38
409,Kruisfontein,ZA,2022-07-23 22:39:15,light rain,-34.0033,24.7314,51.89,83,52,17.38
410,Sur,OM,2022-07-23 22:40:32,scattered clouds,22.5667,59.5289,86.83,68,41,9.22
411,Hervey Bay,AU,2022-07-23 22:40:33,clear sky,-25.2986,152.8535,61.74,80,10,14.54
412,Jizan,SA,2022-07-23 22:40:33,moderate rain,17.3333,42.6667,77.94,63,100,10.02
413,Sinazongwe,ZM,2022-07-23 22:40:33,clear sky,-17.2614,27.4618,66.09,46,1,4.09
414,Iqaluit,CA,2022-07-23 22:40:34,overcast clouds,63.7506,-68.5145,47.93,87,100,3.44
415,Dubbo,AU,2022-07-23 22:40:34,overcast clouds,-32.25,148.6167,46.53,79,100,10.36
416,Folsom,US,2022-07-23 22:40:35,clear sky,38.678,-121.1761,104.52,18,0,5.75
417,Ovre Ardal,NO,2022-07-23 22:40:35,overcast clouds,61.3167,7.8,55.33,93,99,3.38
418,Banda Aceh,ID,2022-07-23 22:40:35,moderate rain,5.5577,95.3222,78.13,81,100,3.53
419,Nanhai,CN,2022-07-23 22:40:36,scattered clouds,30.1282,111.7784,76.08,93,25,0.85
420,Ulaanbaatar,MN,2022-07-23 22:40:54,scattered clouds,47.9077,106.8832,51.93,87,40,4.47
421,Samarai,PG,2022-07-23 22:41:36,broken clouds,-10.6167,150.6667,79.54,83,84,12.82
422,Raudeberg,NO,2022-07-23 22:41:36,overcast clouds,61.9875,5.1352,56.07,84,100,2.86
423,Kenora,CA,2022-07-23 22:41:37,thunderstorm,49.8167,-94.4337,70.77,78,75,9.22
424,Aleppo,SY,2022-07-23 22:41:37,clear sky,36.25,37.5,77.41,44,0,7.9
425,Vila Franca Do Campo,PT,2022-07-23 22:41:38,overcast clouds,37.7167,-25.4333,75.2,87,95,3.49
426,Ceska Kamenice,CZ,2022-07-23 22:37:24,few clouds,50.7978,14.4177,62.89,55,24,3.36
427,Miyako,JP,2022-07-23 22:41:38,overcast clouds,39.6367,141.9525,74.23,86,92,2.35
428,Salta,AR,2022-07-23 22:41:38,clear sky,-24.7859,-65.4117,70.39,46,0,10.36
429,Avera,US,2022-07-23 22:41:39,broken clouds,33.194,-82.5271,92.71,46,55,7.99
430,Seoul,KR,2022-07-23 22:39:24,overcast clouds,37.5683,126.9778,72.48,94,97,3.6
431,Sorland,NO,2022-07-23 22:37:30,broken clouds,67.667,12.6934,51.66,82,77,10.27
432,Kulhudhuffushi,MV,2022-07-23 22:41:39,overcast clouds,6.6221,73.07,81.37,75,88,15.48
433,Tutoia,BR,2022-07-23 22:41:40,overcast clouds,-2.7619,-42.2744,80.13,81,89,9.82
434,Mackenzie,CA,2022-07-23 22:41:40,broken clouds,55.2999,-123.1698,79.02,34,75,11.5
435,Waingapu,ID,2022-07-23 22:41:40,scattered clouds,-9.6567,120.2641,71.26,71,32,8.5
436,Sonoita,MX,2022-07-23 22:41:41,broken clouds,31.85,-112.8333,100.53,24,51,17.58
437,Aripuana,BR,2022-07-23 22:41:41,clear sky,-9.1667,-60.6333,79.48,40,7,1.97
438,Belmonte,BR,2022-07-23 22:41:41,scattered clouds,-15.8631,-38.8828,71.94,84,48,9.84
439,Brokopondo,SR,2022-07-23 22:41:42,overcast clouds,4.75,-55.1667,77.43,87,93,7.52
440,Manoel Urbano,BR,2022-07-23 22:41:42,light rain,-8.8389,-69.2597,79.3,73,28,2.95
441,Waspan,NI,2022-07-23 22:41:42,overcast clouds,14.7419,-83.9717,80.13,82,100,6.17
442,Mirpur Sakro,PK,2022-07-23 22:41:43,moderate rain,24.5474,67.6277,83.37,81,99,15.75
443,Vredendal,ZA,2022-07-23 22:41:43,clear sky,-31.6683,18.5012,48.63,70,0,5.41
444,Whitianga,NZ,2022-07-23 22:41:44,light rain,-36.8333,175.7,56.14,82,100,17.47
445,Sungaipenuh,ID,2022-07-23 22:41:44,overcast clouds,-2.0833,101.3833,63.0,96,98,4.32
446,Big Rapids,US,2022-07-23 22:41:44,clear sky,43.6981,-85.4837,85.08,54,0,6.91
447,Antofagasta,CL,2022-07-23 22:41:45,clear sky,-23.65,-70.4,57.4,81,8,1.68
448,Baneh,IR,2022-07-23 22:41:45,clear sky,35.9975,45.8853,65.21,23,0,3.02
449,Marsaxlokk,MT,2022-07-23 22:41:45,clear sky,35.8419,14.5431,81.0,72,0,8.55
450,Carballo,ES,2022-07-23 22:41:46,few clouds,43.213,-8.691,59.67,96,11,0.67
451,Sheffield,GB,2022-07-23 22:40:39,overcast clouds,53.383,-1.4659,63.93,86,100,16.44
452,Husavik,IS,2022-07-23 22:38:40,overcast clouds,66.0449,-17.3389,47.53,88,100,2.62
453,Grand Gaube,MU,2022-07-23 22:41:46,scattered clouds,-20.0064,57.6608,70.54,75,26,20.27
454,Rundu,NA,2022-07-23 22:40:25,clear sky,-17.9333,19.7667,58.21,41,5,5.32
455,Angoche,MZ,2022-07-23 22:41:47,clear sky,-16.2325,39.9086,71.01,78,0,4.72
456,Ancud,CL,2022-07-23 22:41:47,overcast clouds,-41.8697,-73.8203,46.22,91,100,1.36
457,Alekseyevsk,RU,2022-07-23 22:41:47,overcast clouds,57.8406,108.3492,61.79,96,100,2.26
458,Narrabri,AU,2022-07-23 22:41:48,broken clouds,-30.3167,149.7833,55.9,64,74,5.17
459,Port Moresby,PG,2022-07-23 22:41:48,broken clouds,-9.4431,147.1797,78.22,89,75,11.5
460,Yumen,CN,2022-07-23 22:41:49,clear sky,40.2833,97.2,73.44,28,1,7.07
461,Manjacaze,MZ,2022-07-23 22:41:49,clear sky,-24.7117,33.8828,61.25,75,3,6.06
462,Dvinskoy,RU,2022-07-23 22:41:49,broken clouds,62.1535,45.1175,63.54,87,56,5.17
463,Abu Dhabi,AE,2022-07-23 22:39:04,clear sky,24.4667,54.3667,95.11,64,0,3.44
464,Prince Albert,CA,2022-07-23 22:41:50,broken clouds,53.2001,-105.7677,66.15,59,75,8.05
465,Green River,US,2022-07-23 22:41:50,scattered clouds,41.5286,-109.4662,82.8,36,48,5.01
466,Mariental,NA,2022-07-23 22:42:50,broken clouds,-24.6333,17.9667,56.95,34,69,10.67
467,Emerald,AU,2022-07-23 22:42:51,clear sky,-23.5333,148.1667,60.87,69,0,3.4
468,Tezu,IN,2022-07-23 22:42:51,overcast clouds,27.9167,96.1667,77.27,79,99,1.68
469,Hillsborough,US,2022-07-23 22:39:25,few clouds,37.5741,-122.3794,88.57,69,20,20.71
470,Dingle,PH,2022-07-23 22:42:52,light rain,10.9995,122.6711,79.52,87,81,1.43
471,Batagay-Alyta,RU,2022-07-23 22:42:52,broken clouds,67.8006,130.4114,58.93,79,79,6.38
472,Korla,CN,2022-07-23 22:39:13,clear sky,41.7597,86.1469,83.64,17,0,4.94
473,La Rioja,ES,2022-07-23 22:42:52,clear sky,42.25,-2.5,65.98,55,0,5.59
474,Cayenne,GF,2022-07-23 22:42:53,clear sky,4.9333,-52.3333,83.08,1,0,3.44
475,Mandan,US,2022-07-23 22:42:53,clear sky,46.8267,-100.8896,84.18,44,0,16.11
476,Oytal,KZ,2022-07-23 22:42:53,clear sky,42.9057,73.2697,77.99,30,0,4.88
477,Halifax,CA,2022-07-23 22:38:49,broken clouds,44.6453,-63.5724,71.15,81,54,8.68
478,San Jose De Rio Tinto,HN,2022-07-23 22:42:54,light rain,14.9333,-85.7,87.37,82,95,3.83
479,Itaituba,BR,2022-07-23 22:42:54,few clouds,-4.2761,-55.9836,80.04,51,18,1.3
480,Alegrete,BR,2022-07-23 22:42:54,overcast clouds,-29.7831,-55.7919,68.11,87,100,7.67
481,Noyabrsk,RU,2022-07-23 22:42:55,overcast clouds,63.1994,75.4507,51.39,98,100,13.33
482,Rafraf,TN,2022-07-23 22:42:55,clear sky,37.1904,10.1837,82.71,63,0,7.81
483,Koutsouras,GR,2022-07-23 22:42:56,clear sky,35.0339,25.9469,82.11,39,0,14.25
484,Pagsangahan,PH,2022-07-23 22:42:56,overcast clouds,13.2158,122.5431,82.8,77,100,5.48
485,Tucurui,BR,2022-07-23 22:42:56,overcast clouds,-3.7661,-49.6725,79.25,54,87,3.71
486,Itoman,JP,2022-07-23 22:42:57,scattered clouds,26.1247,127.6694,84.58,89,40,3.44
487,Camargo,MX,2022-07-23 22:39:39,scattered clouds,27.6667,-105.1667,96.66,18,45,6.96
488,Fonte Boa,BR,2022-07-23 22:42:57,overcast clouds,-2.4959,-66.2662,74.35,97,100,0.92
489,Mandurah,AU,2022-07-23 22:42:57,light rain,-32.55,115.7,53.76,69,77,14.5
490,Sola,VU,2022-07-23 22:42:58,few clouds,-13.8833,167.55,80.31,77,13,11.7
491,Culaman,PH,2022-07-23 22:42:58,overcast clouds,5.9603,125.6586,81.39,75,100,3.65
492,Zhaoqing,CN,2022-07-23 22:42:58,clear sky,23.0512,112.4597,85.82,79,3,2.15
493,Deniliquin,AU,2022-07-23 22:42:59,overcast clouds,-35.5333,144.9667,52.38,85,95,7.02
494,Zhangjiakou,CN,2022-07-23 22:42:59,clear sky,40.81,114.8794,71.78,53,7,2.28
495,Cherskiy,RU,2022-07-23 22:42:59,few clouds,68.75,161.3,60.66,42,14,2.33
496,Krasnoselkup,RU,2022-07-23 22:43:00,broken clouds,65.7,82.4667,58.93,90,54,2.89
497,Bunia,CD,2022-07-23 22:43:00,scattered clouds,1.5667,30.25,62.76,91,31,2.75
498,La Ronge,CA,2022-07-23 22:43:00,broken clouds,55.1001,-105.2842,62.85,67,75,1.14
499,Sarkand,KZ,2022-07-23 22:43:01,clear sky,45.41,79.9186,70.27,34,2,6.62
500,Portobelo,PA,2022-07-23 22:43:01,overcast clouds,9.55,-79.65,76.96,82,99,4.99
501,Port Blair,IN,2022-07-23 22:43:02,mist,11.6667,92.75,78.84,89,75,2.3
502,Phek,IN,2022-07-23 22:43:02,overcast clouds,25.6667,94.5,58.46,99,100,1.66
503,Ust-Nera,RU,2022-07-23 22:43:02,overcast clouds,64.5667,143.2,66.9,74,97,8.3
504,Mehamn,NO,2022-07-23 22:43:02,light rain,71.0357,27.8492,49.95,93,100,19.57
505,Kawalu,ID,2022-07-23 22:43:03,overcast clouds,-7.3817,108.2082,71.58,97,98,1.88
506,Keningau,MY,2022-07-23 22:43:03,overcast clouds,5.3378,116.1602,71.87,98,87,1.32
507,Akureyri,IS,2022-07-23 22:43:04,overcast clouds,65.6835,-18.0878,48.13,87,100,9.22
508,Los Llanos De Aridane,ES,2022-07-23 22:39:10,few clouds,28.6585,-17.9182,71.56,82,17,2.46
509,Rio Grande,BR,2022-07-23 22:43:04,broken clouds,-32.035,-52.0986,59.07,97,66,8.37
510,Jumla,NP,2022-07-23 22:39:04,overcast clouds,29.2747,82.1838,63.05,98,100,1.7
511,Shouguang,CN,2022-07-23 22:43:05,clear sky,36.88,118.7375,75.02,84,0,3.6
512,Maykor,RU,2022-07-23 22:43:05,scattered clouds,59.0059,55.88,59.74,97,40,3.91
513,Mantua,IT,2022-07-23 22:44:06,overcast clouds,45.1667,10.7833,87.04,74,100,1.99
514,Alta Floresta,BR,2022-07-23 22:44:06,clear sky,-9.8756,-56.0861,79.23,32,4,3.96
515,Gazanjyk,TM,2022-07-23 22:44:06,clear sky,39.2446,55.5154,78.58,59,4,10.76
516,Mashhad,IR,2022-07-23 22:44:07,clear sky,36.297,59.6062,80.74,50,0,6.91
517,Terrak,NO,2022-07-23 22:44:07,overcast clouds,65.087,12.3715,50.13,92,94,2.91
518,Tobol,KZ,2022-07-23 22:44:07,clear sky,52.6844,62.5794,63.7,67,1,3.06
519,Meulaboh,ID,2022-07-23 22:44:08,overcast clouds,4.1363,96.1285,75.2,91,100,5.06
520,Suez,EG,2022-07-23 22:44:08,clear sky,29.9737,32.5263,75.2,69,3,9.51
521,Benghazi,LY,2022-07-23 22:44:08,clear sky,32.1167,20.0667,80.55,67,0,18.84
522,Lompoc,US,2022-07-23 22:44:09,clear sky,34.6391,-120.4579,72.84,73,0,21.0
523,Forest Grove,US,2022-07-23 22:44:09,clear sky,45.5198,-123.1107,82.49,28,0,7.14
524,Onega,RU,2022-07-23 22:44:09,overcast clouds,63.9061,38.1404,58.51,99,100,4.72
525,Nuevo Progreso,MX,2022-07-23 22:44:10,scattered clouds,23.1667,-97.95,90.54,50,36,10.0
526,Coihueco,CL,2022-07-23 22:44:10,light rain,-36.6167,-71.8333,51.85,92,100,4.18
527,Nouna,BF,2022-07-23 22:44:10,overcast clouds,12.7333,-3.8667,76.06,85,98,9.84
528,Rudbar,AF,2022-07-23 22:44:11,broken clouds,30.15,62.6,91.67,29,63,8.55
529,Villa Maria,AR,2022-07-23 22:44:12,clear sky,-32.4075,-63.2402,68.47,68,0,5.57
530,Horta,PT,2022-07-23 22:44:12,broken clouds,38.5333,-28.6333,73.47,88,60,6.06
531,Kuala Pilah,MY,2022-07-23 22:44:13,scattered clouds,2.7389,102.2487,73.35,96,45,0.58
532,Kipushi,CD,2022-07-23 22:44:13,few clouds,-11.7667,27.2333,57.13,55,13,5.21
533,Bosaso,SO,2022-07-23 22:44:13,overcast clouds,11.2842,49.1816,92.39,38,95,24.16
534,Jodhpur,IN,2022-07-23 22:42:41,overcast clouds,26.2867,73.03,80.53,82,94,4.81
535,Samarinda,ID,2022-07-23 22:44:14,scattered clouds,-0.5,117.15,73.71,97,46,2.53
536,Gobabis,NA,2022-07-23 22:44:14,overcast clouds,-22.45,18.9667,59.22,35,100,9.86
537,Sangmelima,CM,2022-07-23 22:44:15,overcast clouds,2.9333,11.9833,66.56,100,96,2.57
538,North Bend,US,2022-07-23 22:44:15,clear sky,43.4065,-124.2243,75.92,76,0,24.16
539,Parma,IT,2022-07-23 22:44:15,broken clouds,44.8027,10.329,79.54,77,81,7.85
540,Zalesovo,RU,2022-07-23 22:44:16,light rain,53.9939,84.7431,55.06,95,100,3.49
541,Fairview,US,2022-07-23 22:42:24,clear sky,40.8126,-73.999,95.02,44,0,18.41
542,Road Town,VG,2022-07-23 22:44:16,clear sky,18.4167,-64.6167,82.49,76,2,19.51
543,Chumikan,RU,2022-07-23 22:44:16,broken clouds,54.7183,135.315,66.94,62,64,8.77
544,Fujin,CN,2022-07-23 22:44:17,overcast clouds,47.26,132.0322,64.85,92,99,6.49
545,Rawson,AR,2022-07-23 22:44:17,light rain,-43.3002,-65.1023,40.53,95,100,14.43
546,Nemuro,JP,2022-07-23 22:42:37,overcast clouds,43.3236,145.575,62.15,92,90,7.23
547,Homer,US,2022-07-23 22:44:17,overcast clouds,59.6425,-151.5483,55.56,65,100,5.95
548,Formosa,AR,2022-07-23 22:44:18,overcast clouds,-26.1775,-58.1781,75.43,51,91,6.4
549,Russell,US,2022-07-23 22:44:18,clear sky,32.3502,-85.1999,90.68,55,0,3.44
550,Sterling,US,2022-07-23 22:40:03,few clouds,39.0062,-77.4286,95.95,52,20,8.05
551,Soyo,AO,2022-07-23 22:44:19,scattered clouds,-6.1349,12.3689,69.82,91,34,3.22
552,Wuda,CN,2022-07-23 22:44:19,clear sky,39.4994,106.7117,75.78,45,0,9.17
553,Ketchikan,US,2022-07-23 22:44:20,overcast clouds,55.3422,-131.6461,59.47,82,100,13.8
554,Matelandia,BR,2022-07-23 22:44:20,broken clouds,-25.2408,-53.9964,64.72,71,81,5.17
555,Tilichiki,RU,2022-07-23 22:43:02,overcast clouds,60.4667,166.1,50.59,75,100,7.47
556,Inta,RU,2022-07-23 22:44:20,overcast clouds,66.0317,60.1659,52.16,81,100,14.58
557,Antalaha,MG,2022-07-23 22:44:21,light rain,-14.9003,50.2788,68.32,80,63,6.67
558,Elizabeth City,US,2022-07-23 22:44:16,clear sky,36.2946,-76.2511,93.22,67,0,8.05
559,Saint-Denis,FR,2022-07-23 22:45:21,clear sky,48.9167,2.3333,70.11,73,0,6.91
560,Sao Sebastiao,BR,2022-07-23 22:41:21,broken clouds,-23.76,-45.4097,67.55,77,57,4.85
561,Anloga,GH,2022-07-23 22:45:22,broken clouds,5.7947,0.8973,75.81,86,69,12.26
562,Bela,IN,2022-07-23 22:45:22,overcast clouds,25.9333,81.9833,84.13,75,87,9.44
563,Port Macquarie,AU,2022-07-23 22:45:23,broken clouds,-31.4333,152.9167,58.73,77,84,7.43
564,Pallasovka,RU,2022-07-23 22:45:23,broken clouds,50.05,46.8833,65.55,73,59,7.45
565,Eyl,SO,2022-07-23 22:45:23,overcast clouds,7.9803,49.8164,76.69,76,89,24.72
566,Dawlatabad,AF,2022-07-23 22:45:24,clear sky,36.4141,64.9053,88.47,23,0,8.32
567,Ende,ID,2022-07-23 22:45:24,broken clouds,-8.8432,121.6623,71.46,75,64,2.55
568,Talaja,IN,2022-07-23 22:45:24,overcast clouds,21.35,72.05,78.84,87,100,9.64
569,Gisborne,NZ,2022-07-23 22:45:24,moderate rain,-38.6533,178.0042,51.98,78,100,8.68
570,Poquoson,US,2022-07-23 22:45:25,few clouds,37.1224,-76.3458,87.98,59,17,14.43
571,Akyab,MM,2022-07-23 22:45:25,overcast clouds,20.15,92.9,78.98,86,100,8.14
572,Kaduqli,SD,2022-07-23 22:45:25,light rain,11.0167,29.7167,75.06,88,100,7.31
573,Mount Gambier,AU,2022-07-23 22:45:26,overcast clouds,-37.8333,140.7667,49.91,100,100,11.5
574,Quatre Cocos,MU,2022-07-23 22:45:26,light rain,-20.2078,57.7625,68.9,77,49,14.76
575,Beringovskiy,RU,2022-07-23 22:45:26,overcast clouds,63.05,179.3167,45.1,80,100,12.57
576,Alofi,NU,2022-07-23 22:45:27,overcast clouds,-19.0595,-169.9187,75.09,73,89,16.11
577,Khislavichi,RU,2022-07-23 22:45:27,few clouds,54.1871,32.1582,61.03,85,11,7.05
578,Anadyr,RU,2022-07-23 22:45:27,overcast clouds,64.75,177.4833,49.03,68,100,3.18
579,Vaitape,PF,2022-07-23 22:45:28,clear sky,-16.5167,-151.75,79.45,74,10,13.67
580,Uruzgan,AF,2022-07-23 22:45:28,broken clouds,32.8333,66.0,79.57,45,68,1.41
581,Bambanglipuro,ID,2022-07-23 22:45:29,broken clouds,-7.95,110.2833,73.35,90,78,6.89
582,Kidal,ML,2022-07-23 22:44:16,light rain,18.4411,1.4078,91.67,29,72,3.24
583,Walvis Bay,NA,2022-07-23 22:41:52,clear sky,-22.9575,14.5053,54.55,87,0,8.05
584,Baoning,CN,2022-07-23 22:45:29,clear sky,25.3378,110.026,78.42,86,0,0.87
585,Altea,ES,2022-07-23 22:45:30,clear sky,38.5989,-0.0514,82.15,89,0,1.01
586,Nacogdoches,US,2022-07-23 22:45:30,scattered clouds,31.6002,-94.6335,98.46,40,40,8.05
587,Manitouwadge,CA,2022-07-23 22:45:30,overcast clouds,49.1215,-85.8403,66.43,69,97,8.9
588,Jacareacanga,BR,2022-07-23 22:45:31,scattered clouds,-6.2222,-57.7528,79.38,42,47,1.97
589,Salasu De Sus,RO,2022-07-23 22:45:31,clear sky,45.5167,22.95,73.9,30,3,6.67
590,Sao Francisco,BR,2022-07-23 22:45:31,light rain,-15.9486,-44.8644,72.45,38,0,3.71
591,San Patricio,US,2022-07-23 22:45:32,scattered clouds,28.017,-97.5169,89.91,53,38,18.37
592,Rongcheng,CN,2022-07-23 22:45:32,few clouds,30.634,117.8517,78.04,87,17,0.51
593,Rauma,FI,2022-07-23 22:45:32,overcast clouds,61.1272,21.5113,60.84,75,99,7.4
594,Raga,SS,2022-07-23 22:45:33,overcast clouds,8.4596,25.678,69.84,95,100,2.98
595,Santa Helena De Goias,BR,2022-07-23 22:45:33,clear sky,-17.8136,-50.5969,74.41,32,3,3.36
596,Olovyannaya,RU,2022-07-23 22:45:34,overcast clouds,50.95,115.5667,66.94,76,100,7.34
597,Bell Ville,AR,2022-07-23 22:45:34,clear sky,-32.6259,-62.6887,65.66,67,0,5.28
598,Myitkyina,MM,2022-07-23 22:45:35,broken clouds,25.3833,97.4,73.51,97,83,2.15
599,Maihar,IN,2022-07-23 22:45:35,overcast clouds,24.2667,80.75,78.28,88,100,4.29
600,Boa Esperanca,BR,2022-07-23 22:45:35,few clouds,-21.09,-45.5658,64.56,40,21,1.5
601,Encheng,CN,2022-07-23 22:45:36,clear sky,22.1839,112.3026,80.89,83,4,3.02
602,Qasigiannguit,GL,2022-07-23 22:45:36,overcast clouds,68.8193,-51.1922,41.07,97,100,2.82
603,Andenes,NO,2022-07-23 22:45:36,overcast clouds,69.3143,16.1194,49.98,81,100,8.05
604,Bullhead City,US,2022-07-23 22:41:40,broken clouds,35.1478,-114.5683,106.93,24,75,13.8
605,Jiaohe,CN,2022-07-23 22:45:37,light rain,43.7286,127.3447,65.59,99,100,2.24
606,Benguela,AO,2022-07-23 22:46:37,overcast clouds,-12.5763,13.4055,69.64,87,90,4.23
607,Ariquemes,BR,2022-07-23 22:46:38,few clouds,-9.9133,-63.0408,81.64,42,19,1.32
608,Nabire,ID,2022-07-23 22:46:38,overcast clouds,-3.3667,135.4833,76.77,90,97,3.31
609,Altamira,BR,2022-07-23 22:46:38,overcast clouds,-3.2033,-52.2064,77.94,59,92,0.85
610,Noshiro,JP,2022-07-23 22:46:39,overcast clouds,40.2039,140.0242,71.94,83,100,2.28
611,Saraland,US,2022-07-23 22:46:39,scattered clouds,30.8207,-88.0706,91.13,73,37,8.1
612,Ondjiva,AO,2022-07-23 22:46:39,clear sky,-17.0667,15.7333,60.78,35,0,7.43
613,Ribeira Brava,PT,2022-07-23 22:46:40,clear sky,32.65,-17.0667,75.34,69,3,3.02
614,Washington,US,2022-07-23 22:46:40,clear sky,47.5001,-120.5015,87.13,22,1,15.37
615,Speightstown,BB,2022-07-23 22:46:40,clear sky,13.25,-59.65,83.01,85,3,14.03
616,Fontem,CM,2022-07-23 22:46:41,overcast clouds,5.4685,9.8818,63.88,97,99,0.22
617,Bowen,AU,2022-07-23 22:42:23,clear sky,-20.0167,148.2333,64.51,80,3,7.47
618,Boa Vista,BR,2022-07-23 22:46:41,broken clouds,2.8197,-60.6733,78.78,78,75,4.61
619,Portachuelo,BO,2022-07-23 22:46:41,clear sky,-17.35,-63.4,81.5,61,0,4.45
620,Farah,AF,2022-07-23 22:46:42,clear sky,32.5,62.5,86.27,23,2,1.97
621,Amursk,RU,2022-07-23 22:46:42,scattered clouds,50.2261,136.8994,66.72,75,30,6.2
622,Faranah,GN,2022-07-23 22:46:42,moderate rain,10.0404,-10.7434,71.02,97,81,2.1
623,Heihe,CN,2022-07-23 22:46:43,clear sky,50.2441,127.4902,64.98,71,5,3.24
624,Taylor,US,2022-07-23 22:46:43,clear sky,32.3001,-99.8337,103.42,22,0,12.66
625,Vengerovo,RU,2022-07-23 22:46:43,broken clouds,55.6848,76.7471,50.32,95,78,8.14
626,Sisimiut,GL,2022-07-23 22:46:44,overcast clouds,66.9395,-53.6735,45.66,86,100,3.49
627,Chapleau,CA,2022-07-23 22:45:56,broken clouds,47.8405,-83.4034,75.29,50,75,11.5
628,Bam,IR,2022-07-23 22:46:44,broken clouds,29.106,58.357,91.36,21,81,7.7
629,Buala,SB,2022-07-23 22:46:45,clear sky,-8.145,159.5921,84.36,69,7,6.13
630,Mildura,AU,2022-07-23 22:46:45,clear sky,-34.2,142.15,51.08,93,0,9.35
631,Zelezna Ruda,CZ,2022-07-23 22:46:45,overcast clouds,49.1374,13.2352,66.9,87,95,7.0
632,Auly,UA,2022-07-23 22:46:46,clear sky,48.5271,34.4949,64.49,81,7,7.4
633,Naron,ES,2022-07-23 22:46:46,clear sky,43.5167,-8.1528,67.05,80,2,4.25
634,Ternate,ID,2022-07-23 22:46:46,few clouds,0.8,127.4,80.89,77,19,4.9
635,Visnes,NO,2022-07-23 22:46:47,overcast clouds,59.3556,5.2242,57.02,70,100,5.57
636,Kokopo,PG,2022-07-23 22:46:47,few clouds,-4.352,152.2633,84.2,67,22,13.87
637,Ximei,CN,2022-07-23 22:46:47,clear sky,24.9639,118.3794,81.99,80,5,2.66
638,Chernushka,RU,2022-07-23 22:46:48,overcast clouds,56.5072,56.0766,61.45,83,100,2.15
639,Keti Bandar,PK,2022-07-23 22:46:48,moderate rain,24.1447,67.4497,82.99,84,100,16.26
640,Hailey,US,2022-07-23 22:46:48,clear sky,43.5196,-114.3153,92.88,16,0,14.97
641,Skibbereen,IE,2022-07-23 22:46:49,overcast clouds,51.55,-9.2667,62.11,84,96,19.28
642,San Ignacio,BZ,2022-07-23 22:46:49,thunderstorm,17.1561,-89.0714,77.14,94,75,6.96
643,Morondava,MG,2022-07-23 22:46:49,clear sky,-20.2833,44.2833,67.05,83,2,6.69
644,Bathsheba,BB,2022-07-23 22:46:50,clear sky,13.2167,-59.5167,80.71,72,6,13.04
645,Oakdale,US,2022-07-23 22:43:50,scattered clouds,44.963,-92.9649,76.69,77,40,17.27
646,Iquitos,PE,2022-07-23 22:46:50,scattered clouds,-3.7481,-73.2472,87.84,62,40,4.61
647,Monteria,CO,2022-07-23 22:46:51,scattered clouds,8.748,-75.8814,89.51,58,40,2.3
648,Nador,MA,2022-07-23 22:46:51,scattered clouds,35.174,-2.9287,79.05,83,40,0.0
649,Tottori,JP,2022-07-23 22:46:51,overcast clouds,35.5,134.2333,76.55,76,96,2.15
650,Praia Da Vitoria,PT,2022-07-23 22:46:52,few clouds,38.7333,-27.0667,75.45,88,20,3.42
651,Melfi,IT,2022-07-23 22:46:52,clear sky,40.9965,15.6514,73.49,70,0,7.18
652,Silvania,BR,2022-07-23 22:46:52,clear sky,-16.6589,-48.6081,67.69,43,2,5.88
653,Comodoro Rivadavia,AR,2022-07-23 22:47:53,overcast clouds,-45.8667,-67.5,33.66,100,100,2.3
654,Myaundzha,RU,2022-07-23 22:47:53,overcast clouds,63.0494,147.1858,56.23,89,100,4.09
655,Yerbogachen,RU,2022-07-23 22:47:53,broken clouds,61.2767,108.0108,67.93,89,63,7.67
656,Puerto Madryn,AR,2022-07-23 22:47:54,overcast clouds,-42.7692,-65.0385,42.75,95,100,15.03
657,Upington,ZA,2022-07-23 22:42:57,clear sky,-28.4478,21.2561,48.88,52,0,9.46
658,Bukachacha,RU,2022-07-23 22:47:54,overcast clouds,52.9833,116.9167,62.38,94,86,3.11
659,Zunyi,CN,2022-07-23 22:47:54,broken clouds,27.6867,106.9072,70.81,93,73,2.42
660,Bud,US,2022-07-23 22:47:55,clear sky,39.447,-86.1758,85.68,64,2,10.74
661,Rosario,AR,2022-07-23 22:47:13,clear sky,-32.9468,-60.6393,68.67,77,1,4.68
662,Boone,US,2022-07-23 22:47:55,clear sky,39.0334,-92.3335,102.67,23,0,17.56
663,Quang Ngai,VN,2022-07-23 22:47:56,clear sky,15.1167,108.8,75.33,87,4,3.65
664,Tawau,MY,2022-07-23 22:44:24,few clouds,4.2498,117.8871,75.33,94,20,1.99
665,Ramhormoz,IR,2022-07-23 22:47:56,clear sky,31.28,49.6035,92.98,11,0,3.36
666,Whyalla,AU,2022-07-23 22:47:57,few clouds,-33.0333,137.5833,54.54,62,23,7.49
667,Mlyniv,UA,2022-07-23 22:47:57,broken clouds,50.509,25.6168,74.93,64,68,7.54
668,Dubrovka,RU,2022-07-23 22:47:57,clear sky,53.6907,33.5071,61.7,88,2,4.72
669,Yoichi,JP,2022-07-23 22:47:58,overcast clouds,43.2039,140.7703,67.69,88,100,7.07
670,Berdigestyakh,RU,2022-07-23 22:47:58,clear sky,62.0989,126.6992,70.07,65,3,1.7
671,Santa Cruz Do Capibaribe,BR,2022-07-23 22:43:57,broken clouds,-7.9575,-36.2047,66.29,95,65,7.9
672,Ust-Maya,RU,2022-07-23 22:47:58,scattered clouds,60.4167,134.5333,70.05,79,42,5.41
673,Samfya,ZM,2022-07-23 22:47:59,broken clouds,-11.3649,29.5565,60.71,60,83,6.76
674,Maldonado,UY,2022-07-23 22:47:59,overcast clouds,-34.6667,-54.9167,61.39,93,97,5.66
675,Labuhan,ID,2022-07-23 22:47:59,overcast clouds,-6.8844,112.2051,74.61,85,88,8.28
676,Saint-Michel-Des-Saints,CA,2022-07-23 22:48:00,broken clouds,46.6834,-73.9159,66.6,96,82,2.82
677,Yarim,YE,2022-07-23 22:48:00,light rain,14.298,44.3779,61.07,71,35,2.04
678,Manakara,MG,2022-07-23 22:48:00,few clouds,-22.1333,48.0167,63.55,93,15,4.18
679,Noumea,NC,2022-07-23 22:45:00,overcast clouds,-22.2763,166.4572,78.78,99,96,8.32
680,Neyshabur,IR,2022-07-23 22:47:13,clear sky,36.2133,58.7958,79.45,43,0,2.3
681,Dicabisagan,PH,2022-07-23 22:48:01,broken clouds,17.0818,122.4157,81.52,75,79,2.39
682,Nkoteng,CM,2022-07-23 22:48:01,overcast clouds,4.5167,12.0333,67.37,99,89,4.16
683,Roald,NO,2022-07-23 22:48:02,overcast clouds,62.5833,6.1333,55.42,83,100,1.79
684,Nioro,GM,2022-07-23 22:48:02,overcast clouds,13.35,-15.75,75.54,94,97,4.18
685,Slonim,BY,2022-07-23 22:48:02,overcast clouds,53.0867,25.3219,65.75,95,97,5.21
686,Doka,SD,2022-07-23 22:48:03,overcast clouds,13.5167,35.7667,72.59,91,100,17.27
687,Katherine,AU,2022-07-23 22:48:03,scattered clouds,-14.4667,132.2667,53.92,54,37,4.61
688,Port Augusta,AU,2022-07-23 22:48:04,few clouds,-32.5,137.7667,55.06,57,14,4.63
689,Kupang,ID,2022-07-23 22:48:04,broken clouds,-10.1667,123.5833,71.1,69,65,8.28
690,Borskoye,RU,2022-07-23 22:48:04,few clouds,53.0333,51.7167,63.57,76,17,5.3
691,Santa Maria,BR,2022-07-23 22:43:23,clear sky,-29.6842,-53.8069,69.1,94,0,4.61
692,Lakki Marwat,PK,2022-07-23 22:48:05,overcast clouds,32.6079,70.9114,84.04,73,100,1.52
693,Sorong,ID,2022-07-23 22:48:05,overcast clouds,-0.8833,131.25,77.5,91,99,10.56
694,Bulgan,MN,2022-07-23 22:48:05,overcast clouds,48.8125,103.5347,54.1,94,87,1.77
695,Nalgonda,IN,2022-07-23 22:48:06,overcast clouds,17.05,79.2667,75.74,87,100,6.26
696,Santa Rosa,PH,2022-07-23 22:48:06,overcast clouds,14.3122,121.1114,82.09,89,100,2.75
697,Labytnangi,RU,2022-07-23 22:48:07,overcast clouds,66.6572,66.4183,51.57,67,86,6.06
698,Shu,KZ,2022-07-23 22:48:07,few clouds,43.5983,73.7614,77.32,27,19,1.63
699,Veraval,IN,2022-07-23 22:49:07,overcast clouds,20.9,70.3667,81.01,83,100,18.32
700,Shimoda,JP,2022-07-23 22:48:25,overcast clouds,34.6667,138.95,80.33,71,100,6.13
701,Kindu,CD,2022-07-23 22:49:08,light rain,-2.95,25.95,73.18,84,79,2.68
702,Matadi,CD,2022-07-23 22:49:08,clear sky,-5.8167,13.45,71.71,82,8,3.24
703,Arlit,NE,2022-07-23 22:49:09,overcast clouds,18.7369,7.3853,93.47,27,91,6.2
704,Chimbote,PE,2022-07-23 22:49:09,broken clouds,-9.0853,-78.5783,63.27,83,53,9.28
705,Santa Marta,CO,2022-07-23 22:49:09,scattered clouds,11.2408,-74.199,91.45,55,40,9.22
706,Nizhniy Odes,RU,2022-07-23 22:49:10,few clouds,63.6445,54.856,51.89,71,20,1.7
707,Tingo Maria,PE,2022-07-23 22:49:10,few clouds,-9.2895,-76.0088,82.71,61,20,4.61
